Player ID,Player Name,Team,Team Short,Role,Batting Style,Bowling Style
7d053d4e-a735-4c96-bb98-4098dee523df,"Akeal Hosein","Chennai Super Kings",CSK,Bowler,"Left Handed Bat","Left-arm orthodox"
cbe808da-727a-4d9c-b3be-6eb431217483,"Anshul Kamboj","Chennai Super Kings",CSK,Bowling Allrounder,"Right Handed Bat","Right-arm fast-medium"
679f3d10-ac62-4f5b-89b2-7010935b9985,"Ayush Mhatre","Chennai Super Kings",CSK,Batsman,"Right Handed Bat","Right-arm offbreak"
14a56d48-499a-4b03-aa0f-bd3f592e9d94,"Dewald Brevis","Chennai Super Kings",CSK,Batsman,"Right Handed Bat","Right-arm legbreak"
c553c840-d84c-4a9f-a714-406ffe44f1e9,"Gurjapneet Singh","Chennai Super Kings",CSK,Bowler,"Right Handed Bat","Left-arm fast-medium"
9d8be8e7-4218-400f-919a-211415490575,"Jamie Overton","Chennai Super Kings",CSK,Bowling Allrounder,"Right Handed Bat","Right-arm fast"
a9897a50-1497-4912-8899-e67898f87f82,"Kartik Sharma","Chennai Super Kings",CSK,WK-Batsman,"Right Handed Bat","Right-arm offbreak"
8df6183b-1c95-46d2-85c0-e185792d03f1,"Khaleel Ahmed","Chennai Super Kings",CSK,Bowler,"Right Handed Bat","Left-arm fast-medium"
36e929d1-32f1-4d41-96c2-7df1364d0bab,"Matt Henry","Chennai Super Kings",CSK,Bowler,"Right Handed Bat","Right-arm fast-medium"
b55e1386-231c-4d40-9f6a-4d5a9512079c,"Matthew Short","Chennai Super Kings",CSK,Batsman,"Right Handed Bat","Right-arm offbreak"
b6e7aa41-b0bb-4b0f-8f59-59f729283be5,"MS Dhoni","Chennai Super Kings",CSK,WK-Batsman,"Right Handed Bat","Right-arm medium"
dc2f7f59-ce15-48aa-b7d9-793314961076,"Mukesh Choudhary","Chennai Super Kings",CSK,Bowler,"Left Handed Bat","Left-arm fast-medium"
6731db45-8132-49c6-8fcb-f59258d15082,"Nathan Ellis","Chennai Super Kings",CSK,Bowler,"Right Handed Bat","Right-arm fast-medium"
3cbc5a08-62af-4ca5-b709-c7712db6e8b6,"Noor Ahmad","Chennai Super Kings",CSK,Bowler,"Right Handed Bat","Left-arm wrist-spin"
fb46a43c-3deb-489d-8641-5d1744dfbf81,"Prashant Veer","Chennai Super Kings",CSK,Bowler,"Left Handed Bat","Left-arm orthodox"
d774adaf-78f0-4bf3-965e-8182c05b4517,"Rahul Chahar","Chennai Super Kings",CSK,Bowler,"Right Handed Bat","Right-arm legbreak"
f63eb69e-f17e-4d88-bf2b-d91af645c52c,"Ramakrishna Ghosh","Chennai Super Kings",CSK,Batting Allrounder,"Right Handed Bat","Right-arm fast-medium"
50b70c71-1535-41c0-87fd-c12883105ede,"Ruturaj Gaikwad","Chennai Super Kings",CSK,Batsman,"Right Handed Bat","Right-arm offbreak"
35ed1b20-38f3-4013-be2e-dc28ffbecfd6,"Sanju Samson","Chennai Super Kings",CSK,WK-Batsman,"Right Handed Bat",""
ec1b806b-de33-4b79-b3ba-8a5ad78df163,"Sarfaraz Khan","Chennai Super Kings",CSK,Batsman,"Right Handed Bat","Right-arm legbreak"
22ee45d8-0538-4e3e-a758-c515f9b86d11,"Shivam Dube","Chennai Super Kings",CSK,Batting Allrounder,"Left Handed Bat","Right-arm medium"
b65be7fe-33cd-41d1-b601-31f25b4f72a4,"Shreyas Gopal","Chennai Super Kings",CSK,Bowler,"Right Handed Bat","Right-arm legbreak"
34ae4dde-3ec7-48a7-a2c1-d4e55122ff68,"Urvil Patel","Chennai Super Kings",CSK,WK-Batsman,"Right Handed Bat",""
c87a375e-2731-405d-a30e-3b99c06f614e,"Zakary Foulkes","Chennai Super Kings",CSK,Bowling Allrounder,"Right Handed Bat","Right-arm medium"
8199e3da-acb4-4bac-ab02-47d7ca004ed2,"Abishek Porel","Delhi Capitals",DC,WK-Batsman,"Left Handed Bat",""
014ba4b1-423c-49d3-a6f5-68e6bb90835e,"Ajay Jadav Mandal","Delhi Capitals",DC,Bowling Allrounder,"Left Handed Bat","Left-arm orthodox"
cd5a9124-db0b-4cf8-b541-4f8830e02c0c,"Ashutosh Sharma","Delhi Capitals",DC,Batting Allrounder,"Right Handed Bat","Right-arm medium"
8fabee3c-244c-4ead-8f96-2ec79540d33f,"Auqib Nabi Dar","Delhi Capitals",DC,Bowling Allrounder,"Right Handed Bat","Right-arm fast-medium"
670ae8ac-4fe9-4f0c-84ee-320b13039f34,"Axar Patel","Delhi Capitals",DC,Bowling Allrounder,"Left Handed Bat","Left-arm orthodox"
180036fe-fcb5-4fcf-ba8a-28bb2b750cc6,"Ben Duckett","Delhi Capitals",DC,Batsman,"Left Handed Bat","Right-arm offbreak"
2f50df2f-809d-44f9-b5be-ccb846515861,"David Miller","Delhi Capitals",DC,Batsman,"Left Handed Bat","Right-arm offbreak"
75fb3972-0436-40ee-bf45-73b1dba7b53e,"Dushmantha Chameera","Delhi Capitals",DC,Bowler,"Right Handed Bat","Right-arm fast"
367b54a9-80a5-40f6-bed6-086bbcd90899,"Karun Nair","Delhi Capitals",DC,Batsman,"Right Handed Bat","Right-arm offbreak"
a034346c-b408-4d29-a0f0-8b12430be28e,"KL Rahul","Delhi Capitals",DC,WK-Batsman,"Right Handed Bat",""
1e651cfb-57f1-48da-bf9d-83cbff1733d1,"Kuldeep Yadav","Delhi Capitals",DC,Bowler,"Left Handed Bat","Left-arm wrist-spin"
5673ee27-bf33-44b8-8973-41fd37923fed,"Kyle Jamieson","Delhi Capitals",DC,Bowler,"Right Handed Bat","Right-arm fast-medium"
a1782393-3479-4caa-9c27-79cb87df9abc,"Lungi Ngidi","Delhi Capitals",DC,Bowler,"Right Handed Bat","Right-arm fast"
a3f40660-ccd6-4360-81ac-237f7fe09926,"Madhav Tiwari","Delhi Capitals",DC,Bowling Allrounder,"Right Handed Bat","Right-arm medium"
bceb7084-1dda-4d76-b691-43c5a29d39a7,"Mitchell Starc","Delhi Capitals",DC,Bowler,"Left Handed Bat","Left-arm fast"
116e2bfb-6a97-4221-8006-8e7da70b0715,"Mukesh Kumar","Delhi Capitals",DC,Bowler,"Right Handed Bat","Right-arm fast-medium"
64360dd6-a8db-47ae-8837-638a5bbbaae6,"Nitish Rana","Delhi Capitals",DC,Batsman,"Left Handed Bat","Right-arm offbreak"
bbbf3b4e-dbc3-4f2a-986d-1a0227ea5a06,"Pathum Nissanka","Delhi Capitals",DC,Batsman,"Right Handed Bat",""
ba18ea55-4d65-4514-b8da-c3cc1fc286ce,"Sahil Parakh","Delhi Capitals",DC,--,"Left Handed Bat","Right-arm legbreak"
3ec5f8da-2054-4ebb-b9be-2668ddc45e66,"Sameer Rizvi","Delhi Capitals",DC,Batsman,"Right Handed Bat","Right-arm offbreak"
d8826d0d-ef95-4dce-a47a-b09b97f49f07,"T Natarajan","Delhi Capitals",DC,Bowler,"Left Handed Bat","Left-arm fast-medium"
c4d4fc79-efb2-4e26-a575-94c6fc419bf9,"Tripurana Vijay","Delhi Capitals",DC,Batting Allrounder,"Right Handed Bat","Right-arm offbreak"
de19a93e-06df-4597-9186-7a53c1613552,"Tristan Stubbs","Delhi Capitals",DC,WK-Batsman,"Right Handed Bat","Right-arm offbreak"
6d4e7d4a-4fae-4958-bc15-a063c09508eb,"Vipraj Nigam","Delhi Capitals",DC,Bowler,"Right Handed Bat","Right-arm legbreak"
863fd5b5-b77f-4168-b514-79a88641c553,"Anuj Rawat","Gujarat Titans",GT,WK-Batsman,"Left Handed Bat",""
09ca2fcc-1a5a-4f35-80f4-4ef9bc2b2f64,"Arshad Khan","Gujarat Titans",GT,Bowling Allrounder,"Left Handed Bat","Left-arm medium"
4b661541-36cf-4dbe-96f0-3d58f971a2a9,"Ashok Sharma","Gujarat Titans",GT,Bowler,"Right Handed Bat","Right-arm fast-medium"
9e6fa482-3ad3-4831-b05d-4fed2510cdf5,"Glenn Phillips","Gujarat Titans",GT,Batting Allrounder,"Right Handed Bat","Right-arm offbreak"
48da9a39-30d0-4b7d-9f61-44d221b653fa,"Gurnoor Brar","Gujarat Titans",GT,Bowler,"Left Handed Bat","Right-arm fast"
0c3d24bb-a517-435f-8cc3-60e945327bb3,"Ishant Sharma","Gujarat Titans",GT,Bowler,"Right Handed Bat","Right-arm fast-medium"
f8e6accd-6b73-4869-93a6-d45519a361f0,"Jason Holder","Gujarat Titans",GT,Bowling Allrounder,"Right Handed Bat","Right-arm fast-medium"
9fc99793-a5b5-4eb2-9f7b-48cc3dc3cf8d,"Jayant Yadav","Gujarat Titans",GT,Bowling Allrounder,"Right Handed Bat","Right-arm offbreak"
7567e305-1b40-4eee-9290-e2fcb8804496,"Jos Buttler","Gujarat Titans",GT,WK-Batsman,"Right Handed Bat",""
a81da20a-e420-476a-baf6-204fc219dbdd,"Kagiso Rabada","Gujarat Titans",GT,Bowler,"Left Handed Bat","Right-arm fast"
8b30fc91-1c7d-4fc9-899c-c795614a42a9,"Kumar Kushagra","Gujarat Titans",GT,WK-Batsman,"Right Handed Bat",""
fe5f4f96-c207-4e3f-b0d5-cebc74435448,"Luke Wood","Gujarat Titans",GT,Bowler,"Left Handed Bat","Left-arm fast-medium"
c57237c9-a432-4ece-a56b-eac190b45919,"Manav Suthar","Gujarat Titans",GT,Bowler,"Left Handed Bat","Left-arm orthodox"
2a8d8640-2213-4cf6-ac7e-309d8b733e96,"Mohammed Siraj","Gujarat Titans",GT,Bowler,"Right Handed Bat","Right-arm fast"
3a51a030-8cac-42c7-8a47-e32fd1bcedd4,"Nishant Sindhu","Gujarat Titans",GT,Batting Allrounder,"Left Handed Bat","Left-arm orthodox"
99eb6b5c-379f-46da-bab7-dc8fd31ba435,"Prasidh Krishna","Gujarat Titans",GT,Bowler,"Right Handed Bat","Right-arm fast"
bad40656-82da-4d9f-949a-37b7cbcd8303,"Prithvi Raj Yarra","Gujarat Titans",GT,Bowler,"Left Handed Bat","Left-arm fast-medium"
085d49b0-d5e5-4fc5-955b-39758a134545,"Rahul Tewatia","Gujarat Titans",GT,Batting Allrounder,"Left Handed Bat","Right-arm legbreak"
f0687183-ad9a-44f7-9cbf-4f7eb0cbfb5a,"Rashid Khan","Gujarat Titans",GT,Bowling Allrounder,"Right Handed Bat","Right-arm legbreak"
7d6bbd6c-c5bb-4e1c-9374-aaa829e77611,"Ravisrinivasan Sai Kishore","Gujarat Titans",GT,Bowling Allrounder,"Left Handed Bat","Left-arm orthodox"
79f582a1-f5ab-4d30-8f5f-b05d4143608c,"Sai Sudharsan","Gujarat Titans",GT,Batsman,"Left Handed Bat","Right-arm legbreak"
d0f69230-16e0-4a79-92aa-f9f7c588d5d3,"Shahrukh Khan","Gujarat Titans",GT,Batting Allrounder,"Right Handed Bat","Right-arm offbreak"
7263e990-a9e9-4829-8adf-760d18d1315c,"Shubman Gill","Gujarat Titans",GT,Batsman,"Right Handed Bat","Right-arm offbreak"
6364e591-1f4b-4fe6-867c-ae61ea21f6f0,"Tom Banton","Gujarat Titans",GT,WK-Batsman,"Right Handed Bat",""
309d3ffd-3d06-460d-9427-c559a604d471,"Washington Sundar","Gujarat Titans",GT,Bowling Allrounder,"Left Handed Bat","Right-arm offbreak"
cdc2646c-1fe7-4bc2-b26e-42453f45a212,"Ajinkya Rahane","Kolkata Knight Riders",KKR,Batsman,"Right Handed Bat","Right-arm medium"
96b0aa6a-d886-4c50-a968-63e5ec31ed0d,"Akash Deep","Kolkata Knight Riders",KKR,Bowler,"Right Handed Bat","Right-arm fast-medium"
3c89df94-f39c-4c51-8e64-441c73c32c78,"Angkrish Raghuvanshi","Kolkata Knight Riders",KKR,Batsman,"Right Handed Bat","Right-arm offbreak"
2958faf6-f7d1-4150-aa9e-e261a629ba0d,"Anukul Roy","Kolkata Knight Riders",KKR,Batting Allrounder,"Left Handed Bat","Left-arm orthodox"
abe58090-e933-4888-8538-64f4611ee259,"Cameron Green","Kolkata Knight Riders",KKR,Batting Allrounder,"Right Handed Bat","Right-arm fast-medium"
9a87c7c6-18de-403b-a7ce-90fb2c35eedd,"Daksh Kamra","Kolkata Knight Riders",KKR,Unknown,"",""
08924d57-b4d3-4ed0-903d-087a8384be12,"Finn Allen","Kolkata Knight Riders",KKR,Batsman,"Right Handed Bat",""
225ae9ea-dba6-456d-a64b-2dbd7476c8f0,"Harshit Rana","Kolkata Knight Riders",KKR,Bowler,"Right Handed Bat","Right-arm fast-medium"
ff17824f-0e1c-4eb7-acd3-8b5d116934bc,"Kartik Tyagi","Kolkata Knight Riders",KKR,Bowler,"Right Handed Bat","Right-arm fast"
306f6b88-0442-476a-be55-1500b3441051,"Manish Pandey","Kolkata Knight Riders",KKR,Batsman,"Right Handed Bat","Right-arm medium"
d59bfc6b-bf4c-4a23-aa82-954911b0973d,"Matheesha Pathirana","Kolkata Knight Riders",KKR,Bowler,"Right Handed Bat","Right-arm fast"
5d15a50d-3d28-4576-b237-a0029d0933da,"Prashant Solanki","Kolkata Knight Riders",KKR,Bowler,"Right Handed Bat","Right-arm legbreak"
e6d28951-8524-43ca-95cf-9e73ae68bc12,"Rachin Ravindra","Kolkata Knight Riders",KKR,Batting Allrounder,"Left Handed Bat","Left-arm orthodox"
fb313a9a-0a14-499d-a8d1-7561bccea8cb,"Rahul Tripathi","Kolkata Knight Riders",KKR,Batsman,"Right Handed Bat","Right-arm medium"
3187d301-269d-4823-b895-66d652ddefca,"Ramandeep Singh","Kolkata Knight Riders",KKR,Batting Allrounder,"Right Handed Bat","Right-arm medium"
11864f31-b766-4766-9cbc-5026015ace48,"Rinku Singh","Kolkata Knight Riders",KKR,Batsman,"Left Handed Bat","Right-arm offbreak"
c699ec2b-a5f6-4ee0-a42d-79391b65b293,"Rovman Powell","Kolkata Knight Riders",KKR,Batsman,"Right Handed Bat","Right-arm fast-medium"
df5ab4f7-7d1e-4a34-86bd-799020c283f7,"Sarthak Ranjan","Kolkata Knight Riders",KKR,Batsman,"Right Handed Bat","Right-arm offbreak"
ef2e9c01-41f2-4349-a945-45d8b11dbd19,"Sunil Narine","Kolkata Knight Riders",KKR,Bowling Allrounder,"Left Handed Bat","Right-arm offbreak"
c8108a73-20ef-4bd6-a211-416b8f535693,"Tejasvi Dahiya","Kolkata Knight Riders",KKR,WK-Batsman,"Right Handed Bat","Right-arm offbreak"
812fc568-a932-4f29-a1c4-b7c929e6a248,"Tim Seifert","Kolkata Knight Riders",KKR,WK-Batsman,"Right Handed Bat",""
b367db88-a73e-445f-8cdd-3f6335617b07,"Umran Malik","Kolkata Knight Riders",KKR,Bowler,"Right Handed Bat","Right-arm fast"
82de5824-b29b-4737-9e9d-44f5796ef227,"Vaibhav Arora","Kolkata Knight Riders",KKR,Bowler,"Right Handed Bat","Right-arm fast-medium"
702254aa-2764-4fe4-b28e-20336a0ab069,"Varun Chakaravarthy","Kolkata Knight Riders",KKR,Bowler,"Right Handed Bat","Right-arm legbreak"
dd665f5d-04e8-436b-b376-8fd2a9b8bf8a,"Abdul Samad","Lucknow Super Giants",LSG,Batting Allrounder,"Right Handed Bat","Right-arm legbreak"
3fef81b0-c1e9-45eb-954f-519f3b33d640,"Aiden Markram","Lucknow Super Giants",LSG,Batsman,"Right Handed Bat","Right-arm offbreak"
bda09245-1e64-454b-97d4-61ee7e43cdde,"Akash Maharaj Singh","Lucknow Super Giants",LSG,Bowler,"Right Handed Bat","Left-arm fast-medium"
596d5a37-cb81-417c-b367-8dd0a281431c,"Akshat Raghuwanshi","Lucknow Super Giants",LSG,Batsman,"Right Handed Bat","Right-arm offbreak"
a8c7ce67-5862-4acb-9297-97eafd0ea3d5,"Anrich Nortje","Lucknow Super Giants",LSG,Bowler,"Right Handed Bat","Right-arm fast"
6ceed869-d2b7-4707-b6fd-cb84419cda12,"Arjun Tendulkar","Lucknow Super Giants",LSG,Bowling Allrounder,"Left Handed Bat","Left-arm fast-medium"
eaea0d44-195d-49c6-b76b-987e8d1af290,"Arshin Kulkarni","Lucknow Super Giants",LSG,Batting Allrounder,"Right Handed Bat","Right-arm fast-medium"
332200ad-d1f8-4035-95c5-b33bd1c9a939,"Avesh Khan","Lucknow Super Giants",LSG,Bowler,"Right Handed Bat","Right-arm fast"
151d6979-05d3-4c1f-ae30-0e58af0e8613,"Ayush Badoni","Lucknow Super Giants",LSG,Batting Allrounder,"Right Handed Bat","Right-arm offbreak"
93eaaabd-7529-44cb-a8c7-52acd30ea54e,"Digvesh Singh Rathi","Lucknow Super Giants",LSG,Bowler,"Right Handed Bat","Right-arm legbreak"
0528c7f4-51e4-44d9-b723-cc9eac02a955,"Himmat Singh","Lucknow Super Giants",LSG,Batsman,"Right Handed Bat","Right-arm offbreak"
c040878f-3995-444c-a0f2-10a456f6c84d,"Josh Inglis","Lucknow Super Giants",LSG,WK-Batsman,"Right Handed Bat",""
63075eff-1f66-4bf7-923f-5f92ee123283,"Manimaran Siddharth","Lucknow Super Giants",LSG,Bowler,"Right Handed Bat","Left-arm orthodox"
b7f8b3f5-1759-43fe-914f-d9dc7f4269e2,"Matthew Breetzke","Lucknow Super Giants",LSG,WK-Batsman,"Right Handed Bat",""
95bbca5a-f097-43dc-9a47-bdb85f02fb1a,"Mayank Yadav","Lucknow Super Giants",LSG,Bowler,"Right Handed Bat","Right-arm fast"
6eaac800-13e7-4a07-8ee2-14acd04cc53f,"Mitchell Marsh","Lucknow Super Giants",LSG,Batting Allrounder,"Right Handed Bat","Right-arm fast-medium"
11d06633-aa20-469c-8fbb-676a1ae33eed,"Mohammed Shami","Lucknow Super Giants",LSG,Bowler,"Right Handed Bat","Right-arm fast"
0a4bb087-ec55-4131-89a1-70f14153dbd9,"Mohsin Khan","Lucknow Super Giants",LSG,Bowler,"Left Handed Bat","Left-arm fast-medium"
5f2406ef-f96e-4f60-8529-71d2987ff4e3,"Mukul Choudhary","Lucknow Super Giants",LSG,WK-Batsman,"Right Handed Bat",""
38b89162-6ff2-4a91-841d-b1a43a3694e6,"Naman Tiwari","Lucknow Super Giants",LSG,Bowler,"Left Handed Bat","Left-arm fast-medium"
4e8ab9cd-c5af-430e-887b-d22bf74ad052,"Nicholas Pooran","Lucknow Super Giants",LSG,WK-Batsman,"Left Handed Bat","Right-arm offbreak"
a67a5fef-c1d6-4264-a6a6-c1984489bd36,"Prince Yadav","Lucknow Super Giants",LSG,Bowler,"Right Handed Bat","Right-arm fast"
a52b2d20-7c98-4238-9ba4-ec78419a5cc2,"Rishabh Pant","Lucknow Super Giants",LSG,WK-Batsman,"Left Handed Bat",""
8f4c667c-4bb2-4808-a77b-ebece70f4273,"Shahbaz Ahmed","Lucknow Super Giants",LSG,Bowling Allrounder,"Left Handed Bat","Left-arm orthodox"
ba4ba8aa-3ebb-431a-83a9-a78844a68e26,"Wanindu Hasaranga","Lucknow Super Giants",LSG,Bowling Allrounder,"Right Handed Bat","Right-arm legbreak"
01966983-b69f-4523-9377-11b5c190715f,"AM Ghazanfar","Mumbai Indians",MI,Bowler,"Right Handed Bat","Right-arm offbreak"
af485f9b-d446-41ab-a644-f1a69f0eb600,"Ashwani Kumar","Mumbai Indians",MI,Bowler,"Left Handed Bat","Left-arm fast-medium"
c9361dbc-8a5b-48e0-a5af-c727ec096eb5,"Atharva Ankolekar","Mumbai Indians",MI,Bowling Allrounder,"Left Handed Bat","Left-arm orthodox"
f1dea685-fa68-4339-b582-ba70839e5ca9,"Corbin Bosch","Mumbai Indians",MI,Bowling Allrounder,"Right Handed Bat","Right-arm fast-medium"
0b4a79ad-eeac-4c0f-9682-b20c10d677d1,"Danish Malewar","Mumbai Indians",MI,Bowling Allrounder,"Right Handed Bat","Right-arm legbreak"
237a1ef2-1eae-4877-8b94-d20d84faf635,"Deepak Chahar","Mumbai Indians",MI,Bowler,"Right Handed Bat","Right-arm fast-medium"
a90b2371-5c53-4c29-a382-9b52d40a7548,"Hardik Pandya","Mumbai Indians",MI,Batting Allrounder,"Right Handed Bat","Right-arm fast-medium"
6602d875-cf56-46a3-866c-de80aaa006bc,"Jasprit Bumrah","Mumbai Indians",MI,Bowler,"Right Handed Bat","Right-arm fast"
c06c697c-9575-4bb0-b1f0-27a56a2f3898,"Mayank Markande","Mumbai Indians",MI,Bowler,"Right Handed Bat","Right-arm legbreak"
3c0410d4-dd88-4964-a176-e43c5d622e58,"Mayank Rawat","Mumbai Indians",MI,Batting Allrounder,"Right Handed Bat","Right-arm offbreak"
16ec245b-022d-4104-bd8f-ccc780428390,"Mitchell Santner","Mumbai Indians",MI,Bowling Allrounder,"Left Handed Bat","Left-arm orthodox"
e899c36d-dd74-42f1-9c72-743fea2e23cf,"Mohammed Salahuddin Izhar","Mumbai Indians",MI,Unknown,"",""
71add5ac-55f9-4eb7-9e0c-d51208ae20c0,"Naman Dhir","Mumbai Indians",MI,Batsman,"Right Handed Bat","Right-arm offbreak"
000f9f7c-cc24-4a85-8638-b013b0f4760e,"Quinton de Kock","Mumbai Indians",MI,WK-Batsman,"Left Handed Bat",""
209404f5-0d11-4118-a9d8-086bedcfba2f,"Raghu Sharma","Mumbai Indians",MI,Bowler,"Right Handed Bat",""
b64ccf20-292a-4834-b3d7-9de55187f44a,"Raj Bawa","Mumbai Indians",MI,Batting Allrounder,"Left Handed Bat","Right-arm fast-medium"
21ffa053-b03d-4270-a49f-d3e2db9dfde7,"Robin Minz","Mumbai Indians",MI,WK-Batsman,"Left Handed Bat","Right-arm offbreak"
03bda674-3916-4d64-952e-00a6c19c01e1,"Rohit Sharma","Mumbai Indians",MI,Batsman,"Right Handed Bat","Right-arm offbreak"
a6686871-5bcd-4aae-8bfc-8298f878b6a9,"Ryan Rickelton","Mumbai Indians",MI,WK-Batsman,"Left Handed Bat",""
c1257351-51ca-446f-b7f5-01fe92e75076,"Shardul Thakur","Mumbai Indians",MI,Bowling Allrounder,"Right Handed Bat","Right-arm fast-medium"
c978ce48-495b-4773-89c9-8a64d0257896,"Sherfane Rutherford","Mumbai Indians",MI,Batting Allrounder,"Left Handed Bat","Right-arm fast-medium"
8c579447-bfbd-4cf6-a283-db4dc1d5ac33,"Suryakumar Yadav","Mumbai Indians",MI,Batsman,"Right Handed Bat","Right-arm offbreak"
aefd9074-da5a-408d-94f1-3be0e79d3b82,"Tilak Varma","Mumbai Indians",MI,Batsman,"Left Handed Bat","Right-arm offbreak"
6004fd3f-2264-470d-b39f-340d530b19b3,"Trent Boult","Mumbai Indians",MI,Bowler,"Right Handed Bat","Left-arm fast-medium"
c510fbe6-8a16-47e4-ab60-0965720241af,"Will Jacks","Mumbai Indians",MI,Batting Allrounder,"Right Handed Bat","Right-arm offbreak"
607ff10c-5619-411d-a822-06ba28992230,"Arshdeep Singh","Punjab Kings",PBKS,Bowler,"Left Handed Bat","Left-arm fast-medium"
7c341a4c-d3fa-4054-b95d-f75f94eee00c,"Azmatullah Omarzai","Punjab Kings",PBKS,Bowling Allrounder,"Right Handed Bat","Right-arm fast-medium"
388b664b-de80-4290-ab82-420873293b91,"Ben Dwarshuis","Punjab Kings",PBKS,Bowler,"Left Handed Bat","Left-arm fast-medium"
615b1dc1-8f64-4e26-90c4-04999321fd52,"Cooper Connolly","Punjab Kings",PBKS,Batting Allrounder,"Left Handed Bat","Left-arm orthodox"
56ec7d07-d0d8-4d25-84df-64b0b3ce963d,"Harnoor Singh","Punjab Kings",PBKS,Batsman,"Left Handed Bat","Right-arm legbreak"
e3005322-b01a-4c58-9b26-a2ca150ad1d1,"Harpreet Brar","Punjab Kings",PBKS,Bowler,"Left Handed Bat","Left-arm orthodox"
604d7c88-4f5d-40d9-b08b-330420964d87,"Lockie Ferguson","Punjab Kings",PBKS,Bowler,"Right Handed Bat","Right-arm fast"
d3c53885-7016-4228-8a20-1dd98214489d,"Marco Jansen","Punjab Kings",PBKS,Bowling Allrounder,"Right Handed Bat","Left-arm fast"
11340697-6443-4c3e-ab27-d9d30ba95671,"Marcus Stoinis","Punjab Kings",PBKS,Batting Allrounder,"Right Handed Bat","Right-arm medium"
9c777389-34c2-4c49-a2c6-37a2b5082705,"Mitchell Owen","Punjab Kings",PBKS,Batting Allrounder,"Right Handed Bat","Right-arm medium"
9d412bea-6a7e-4655-8c8b-68f2d9900d98,"Musheer Khan","Punjab Kings",PBKS,Batting Allrounder,"Right Handed Bat","Left-arm orthodox"
9713a0a1-b885-4221-9812-23b0b73c6657,"Nehal Wadhera","Punjab Kings",PBKS,Batsman,"Left Handed Bat","Right-arm legbreak"
a15dfada-704c-42c3-9545-91c332ffca73,"Prabhsimran Singh","Punjab Kings",PBKS,WK-Batsman,"Right Handed Bat",""
11beb0e3-9594-4304-b770-9f65b52a5ff9,"Praveen Dubey","Punjab Kings",PBKS,Bowling Allrounder,"Right Handed Bat","Right-arm legbreak"
4ff68cf3-d3a7-489f-bf37-4ac233f41a15,"Priyansh Arya","Punjab Kings",PBKS,Batsman,"Left Handed Bat","Right-arm offbreak"
0e81bac3-02c3-4219-840a-9b49d937678d,"Pyla Avinash","Punjab Kings",PBKS,Batsman,"Right Handed Bat","Right-arm fast-medium"
9d6cb002-6b9f-4795-a9bf-ea1a6e27ed08,"Shashank Singh","Punjab Kings",PBKS,Batting Allrounder,"Right Handed Bat","Right-arm medium"
77791963-6c1b-4979-b07a-f910dee28cd9,"Shreyas Iyer","Punjab Kings",PBKS,Batsman,"Right Handed Bat","Right-arm legbreak"
c510dc77-7e6b-482c-a96d-73ef9398e969,"Suryansh Shedge","Punjab Kings",PBKS,Batting Allrounder,"Right Handed Bat","Right-arm fast-medium"
eff809fc-9841-4825-a89f-381db15ad0a2,"Vijaykumar Vyshak","Punjab Kings",PBKS,Bowler,"Right Handed Bat","Right-arm medium"
40f4e08a-3cf8-43c0-b3d1-f7c85c575a93,"Vishal Nishad","Punjab Kings",PBKS,Bowling Allrounder,"Right Handed Bat","Right-arm legbreak"
e08d06c3-c7ef-4f44-9152-07023efb020c,"Vishnu Vinod","Punjab Kings",PBKS,WK-Batsman,"Right Handed Bat",""
cba19be9-7aec-4083-ba61-26f0aee31721,"Xavier Bartlett","Punjab Kings",PBKS,Bowler,"Right Handed Bat","Right-arm fast-medium"
f291cb07-d04b-4f71-b9a0-ad1043b76c84,"Yash Thakur","Punjab Kings",PBKS,Bowler,"Right Handed Bat","Right-arm fast-medium"
0d704a13-518a-40a7-bb93-0fc0d92af9e2,"Yuzvendra Chahal","Punjab Kings",PBKS,Bowler,"Right Handed Bat","Right-arm legbreak"
f49539fc-c565-4779-83c1-df3dfdaae171,"Adam Milne","Rajasthan Royals",RR,Bowler,"Right Handed Bat","Right-arm fast"
cc8d32c8-98b5-4dd5-8dda-64f2321eaa97,"Aman Rao Perala","Rajasthan Royals",RR,Unknown,"",""
a0093df7-878e-43b7-a073-8db294d9760c,"Brijesh Sharma","Rajasthan Royals",RR,Unknown,"",""
21d693c2-b4dd-4d24-b747-90dfc8357ef5,"Dhruv Jurel","Rajasthan Royals",RR,WK-Batsman,"Right Handed Bat",""
3f9ced2d-d71a-4478-93db-d7260c7145ee,"Donovan Ferreira","Rajasthan Royals",RR,WK-Batsman,"Right Handed Bat","Right-arm offbreak"
19758cd7-4cce-47d8-b1fe-5975609de802,"Jofra Archer","Rajasthan Royals",RR,Bowler,"Right Handed Bat","Right-arm fast"
b43c2877-2cb4-41f5-951d-bc006eb4f6c0,"Kuldeep Sen","Rajasthan Royals",RR,Bowler,"Right Handed Bat","Right-arm fast"
fa7d13ce-f737-4c8f-bf2c-e6f7b9968940,"Kwena Maphaka","Rajasthan Royals",RR,Bowler,"Left Handed Bat","Left-arm fast-medium"
6346e651-446e-4233-90a2-ae651cbcd75a,"Lhuan-dre Pretorius","Rajasthan Royals",RR,WK-Batsman,"Left Handed Bat",""
3545d689-5166-440e-9eaf-1409e554a547,"Nandre Burger","Rajasthan Royals",RR,Bowler,"Left Handed Bat","Left-arm fast-medium"
9a71201c-c377-45aa-a355-1af6d2c4bae3,"Ravi Bishnoi","Rajasthan Royals",RR,Bowler,"Right Handed Bat","Right-arm legbreak"
4c28bf05-bf2a-4a3e-bed4-c5bdf4fcd01b,"Ravi Singh","Rajasthan Royals",RR,WK-Batsman,"Left Handed Bat","Right-arm legbreak"
81b446e1-bfea-45a7-a15e-062b8157a323,"Ravindra Jadeja","Rajasthan Royals",RR,Bowling Allrounder,"Left Handed Bat","Left-arm orthodox"
b51bb4e5-acdf-423b-abb3-7a1e6694d2c2,"Riyan Parag","Rajasthan Royals",RR,Batting Allrounder,"Right Handed Bat","Right-arm legbreak"
45613012-5c4f-4a7a-a1c4-d9827939b2bf,"Sam Curran","Rajasthan Royals",RR,Bowling Allrounder,"Left Handed Bat","Left-arm fast-medium"
3f18b02d-0e1a-49be-aec4-c2fc11503505,"Sandeep Sharma","Rajasthan Royals",RR,Bowler,"Right Handed Bat","Right-arm fast-medium"
4269d64c-962d-4cd9-b2d2-1a62f51256b8,"Shimron Hetmyer","Rajasthan Royals",RR,Batsman,"Left Handed Bat",""
c6442879-0071-438a-a48e-4eb9c549ec13,"Shubham Dubey","Rajasthan Royals",RR,Batsman,"Left Handed Bat","Right-arm offbreak"
fd2ee2dd-5051-4ced-baac-4c5a14253c6f,"Sushant Mishra","Rajasthan Royals",RR,Bowler,"Left Handed Bat","Left-arm fast-medium"
f3876b65-0643-49df-9255-4a06dd3fa051,"Tushar Deshpande","Rajasthan Royals",RR,Bowler,"Left Handed Bat","Right-arm fast-medium"
0f5502aa-40c8-43c6-a38f-1496000bd5b6,"Vaibhav Sooryavanshi","Rajasthan Royals",RR,Batsman,"Left Handed Bat","Left-arm orthodox"
0e2b638b-e356-41bf-b986-f0f0f84bad38,"Vignesh Puthur","Rajasthan Royals",RR,Bowler,"Right Handed Bat","Left-arm wrist-spin"
cdacd831-24fc-4aa3-94c5-0882bfaec018,"Yash Raj Punja","Rajasthan Royals",RR,--,"Left Handed Bat",""
a254feed-0d7c-4f04-a2ab-7bf9ceef156b,"Yashasvi Jaiswal","Rajasthan Royals",RR,Batsman,"Left Handed Bat","Right-arm legbreak"
2518d07c-55ea-416d-99d8-e847cba97ea2,"Yudhvir Singh Charak","Rajasthan Royals",RR,Bowler,"Right Handed Bat","Right-arm fast-medium"
849877f5-7704-4cad-b1ba-9e0b33aed35e,"Abhinandan Singh","Royal Challengers Bengaluru",RCBW,Bowler,"Right Handed Bat","Right-arm fast-medium"
3f3ecf51-8411-4046-9477-18c0fe3da6ac,"Bhuvneshwar Kumar","Royal Challengers Bengaluru",RCBW,Bowler,"Right Handed Bat","Right-arm fast-medium"
74c6584a-45a5-4781-a5e7-c0c9340da954,"Devdutt Padikkal","Royal Challengers Bengaluru",RCBW,Batsman,"Left Handed Bat","Right-arm offbreak"
d8b0e01b-b754-432b-80a4-551e8c7ec8ca,"Jacob Bethell","Royal Challengers Bengaluru",RCBW,Batting Allrounder,"Left Handed Bat","Left-arm orthodox"
6e05cbea-6a4b-42ef-8e2e-b44e4b434c2f,"Jacob Duffy","Royal Challengers Bengaluru",RCBW,Bowler,"Right Handed Bat","Right-arm fast-medium"
e28de73b-f5df-49eb-bdf6-c50471319404,"Jitesh Sharma","Royal Challengers Bengaluru",RCBW,WK-Batsman,"Right Handed Bat",""
40ed69da-5d26-45eb-b9f8-72140b81b51a,"Jordan Cox","Royal Challengers Bengaluru",RCBW,WK-Batsman,"Right Handed Bat",""
2190c28d-1712-4fd2-ae44-9ac54319fc21,"Josh Hazlewood","Royal Challengers Bengaluru",RCBW,Bowler,"Left Handed Bat","Right-arm fast-medium"
2dbbe6b1-b7a7-4609-810a-df536c049ee0,"Kanishk Chouhan","Royal Challengers Bengaluru",RCBW,Batsman,"Right Handed Bat","Right-arm offbreak"
81c09c1b-1b1d-4e87-9eaa-d7d0a89a6159,"Krunal Pandya","Royal Challengers Bengaluru",RCBW,Batting Allrounder,"Left Handed Bat","Left-arm orthodox"
4c17aaba-7455-4e74-82ac-86e60d480999,"Mangesh Yadav","Royal Challengers Bengaluru",RCBW,Bowling Allrounder,"Left Handed Bat","Left-arm fast-medium"
eb911b3b-10b3-40f8-9294-e63ba030af83,"Nuwan Thushara","Royal Challengers Bengaluru",RCBW,Bowler,"Right Handed Bat","Right-arm fast-medium"
6db25d60-ff96-4d8d-8d22-dedeeb5ffa29,"Philip Salt","Royal Challengers Bengaluru",RCBW,WK-Batsman,"Right Handed Bat","Right-arm offbreak"
88215ee9-ca67-48af-a3f0-6b38718bd830,"Rajat Patidar","Royal Challengers Bengaluru",RCBW,Batsman,"Right Handed Bat","Right-arm offbreak"
a1f7a1f3-f19c-43d2-bcd7-b4bae22f5842,"Rasikh Salam Dar","Royal Challengers Bengaluru",RCBW,Bowler,"Right Handed Bat","Right-arm fast-medium"
7fd4fa20-bc49-4337-ae8a-540b67cb011d,"Romario Shepherd","Royal Challengers Bengaluru",RCBW,Bowling Allrounder,"Right Handed Bat","Right-arm fast-medium"
3676cc16-9ddf-446f-a4f1-93dbbef6e132,"Satvik Deswal","Royal Challengers Bengaluru",RCBW,Bowling Allrounder,"Left Handed Bat","Right-arm medium"
2bf2258f-f35e-4831-884e-f88ef46968f5,"Suyash Sharma","Royal Challengers Bengaluru",RCBW,Bowler,"Right Handed Bat","Right-arm legbreak"
41f91a34-8989-4b88-96b9-9fbbe725776f,"Swapnil Singh","Royal Challengers Bengaluru",RCBW,Bowling Allrounder,"Right Handed Bat","Left-arm orthodox"
69718248-2a3a-45d4-9a2a-6f4dfc6942a5,"Tim David","Royal Challengers Bengaluru",RCBW,Batsman,"Right Handed Bat","Right-arm offbreak"
c3236037-6694-404a-8f01-9ad880564ea9,"Venkatesh Iyer","Royal Challengers Bengaluru",RCBW,Batting Allrounder,"Left Handed Bat","Right-arm medium"
b9701b53-3b9e-4eda-93b1-3543809674d4,"Vicky Ostwal","Royal Challengers Bengaluru",RCBW,Bowler,"Right Handed Bat","Left-arm orthodox"
e5932c98-5c2a-4ade-8238-3b6382b18ef3,"Vihaan Malhotra","Royal Challengers Bengaluru",RCBW,Batsman,"Left Handed Bat","Right-arm offbreak"
c61d247d-7f77-452c-b495-2813a9cd0ac4,"Virat Kohli","Royal Challengers Bengaluru",RCBW,Batsman,"Right Handed Bat","Right-arm medium"
f061b5fc-cd70-480c-86aa-45c7828e739c,"Yash Dayal","Royal Challengers Bengaluru",RCBW,Bowler,"Right Handed Bat","Left-arm fast-medium"
83fe6ab6-d63c-420e-9416-a93d59a9a964,"Abhishek Sharma","Sunrisers Hyderabad",SRH,Batting Allrounder,"Left Handed Bat","Left-arm orthodox"
6ed13677-5228-45cf-8cfb-c72c476f8fdb,"Amit Kumar","Sunrisers Hyderabad",SRH,Unknown,"",""
196f622e-e1ae-4962-95b5-81324e26c5fe,"Aniket Verma","Sunrisers Hyderabad",SRH,Batsman,"Right Handed Bat","Right-arm medium"
d50e7092-dc22-4854-84d3-e08ccba038e9,"Brydon Carse","Sunrisers Hyderabad",SRH,Bowler,"Right Handed Bat","Right-arm fast"
7aa19b4a-48ef-4d17-bef7-1e71f7829cb5,"Eshan Malinga","Sunrisers Hyderabad",SRH,Bowler,"Left Handed Bat","Right-arm fast-medium"
cc7c9a0b-b6ac-4109-84c8-dd9b1704308f,"Harsh Dubey","Sunrisers Hyderabad",SRH,Bowling Allrounder,"Left Handed Bat","Left-arm orthodox"
15bccb4f-8c3c-4da6-acd9-551782278bfd,"Harshal Patel","Sunrisers Hyderabad",SRH,Bowler,"Right Handed Bat","Right-arm fast-medium"
7d662361-8f12-4a52-9a4b-01e8734bd31d,"Heinrich Klaasen","Sunrisers Hyderabad",SRH,WK-Batsman,"Right Handed Bat","Right-arm offbreak"
9ae68636-48d9-488f-8adc-e62a19815d85,"Ishan Kishan","Sunrisers Hyderabad",SRH,WK-Batsman,"Left Handed Bat",""
6d751be3-3023-43b9-8415-8259d19689fd,"Jack Edwards","Sunrisers Hyderabad",SRH,Batsman,"Right Handed Bat","Right-arm medium"
f589d2a9-4e44-464d-9741-e224354a1370,"Jaydev Unadkat","Sunrisers Hyderabad",SRH,Bowler,"Right Handed Bat","Left-arm fast-medium"
b4cc5506-212f-4d6b-825d-8ec89e1e084a,"Kamindu Mendis","Sunrisers Hyderabad",SRH,Batting Allrounder,"Left Handed Bat","Right-arm offbreak"
391537b8-1983-4080-8737-976c7e5bfab7,"Krains Fuletra","Sunrisers Hyderabad",SRH,Bowler,"Right Handed Bat",""
d1c0a448-6ee6-473a-90a2-e6a486698a8a,"Liam Livingstone","Sunrisers Hyderabad",SRH,Batting Allrounder,"Right Handed Bat","Right-arm legbreak"
5bf98798-b2b0-47d2-b799-5307c0fd4936,"Nitish Kumar Reddy","Sunrisers Hyderabad",SRH,Batting Allrounder,"Right Handed Bat","Right-arm fast-medium"
0cf24408-c280-406d-8d7a-a78b0c3964ed,"Onkar Tukaram Tarmale","Sunrisers Hyderabad",SRH,Bowler,"Right Handed Bat","Right-arm fast-medium"
13b3d56e-0fba-4d31-a174-d211211404e2,"Pat Cummins","Sunrisers Hyderabad",SRH,Bowler,"Right Handed Bat","Right-arm fast"
8f631eea-fa55-4296-b7cb-4f51e8ee2c98,"Praful Hinge","Sunrisers Hyderabad",SRH,Bowler,"Right Handed Bat","Right-arm fast-medium"
02247315-1e19-4e52-b800-5f39efaf3839,"Sakib Hussain","Sunrisers Hyderabad",SRH,Bowler,"Right Handed Bat","Right-arm fast-medium"
80c06194-6b4e-44a3-978f-ddacb33a95bb,"Salil Arora","Sunrisers Hyderabad",SRH,WK-Batsman,"Right Handed Bat",""
f00ccdba-6137-4852-a490-ba782044b866,"Shivam Mavi","Sunrisers Hyderabad",SRH,Bowler,"Right Handed Bat","Right-arm fast-medium"
80c68f84-9ddf-4f6d-9672-9b21d51fd44e,"Shivang Kumar","Sunrisers Hyderabad",SRH,Batting Allrounder,"Right Handed Bat","Left-arm orthodox"
e3686ffa-fc7e-4cd0-ad49-7c355ab6691d,"Smaran Ravichandran","Sunrisers Hyderabad",SRH,Batsman,"Left Handed Bat","Right-arm offbreak"
d6720897-e81d-4703-bf33-d2b60c973d30,"Travis Head","Sunrisers Hyderabad",SRH,Batsman,"Left Handed Bat","Right-arm offbreak"
f183c67e-0b7c-44e5-8ab7-fe1e0be672f3,"Zeeshan Ansari","Sunrisers Hyderabad",SRH,Bowler,"Right Handed Bat","Right-arm legbreak"